{"proxies":{"pw.custom.androidcamera.CameraViewProxy":{"superPackageName":"org.appcelerator.titanium.proxy","methods":{"setSaveLocation":{"runOnUiThread":false,"hasInvocation":false,"args":[{"converter":"org.appcelerator.kroll.KrollConverter","defaultValueProvider":"org.appcelerator.kroll.KrollConverter","name":"location","sourceName":"location","type":"java.lang.String"}],"apiName":"setSaveLocation","converter":"org.appcelerator.kroll.KrollConverter","defaultValueProvider":"org.appcelerator.kroll.KrollConverter","name":"__default_name__","returnType":"void"},"snapPicture":{"runOnUiThread":false,"hasInvocation":false,"args":[],"apiName":"snapPicture","converter":"org.appcelerator.kroll.KrollConverter","defaultValueProvider":"org.appcelerator.kroll.KrollConverter","name":"__default_name__","returnType":"void"}},"superProxyBindingClassName":"org.appcelerator.titanium.proxy.TiViewProxyBindingGen","proxyClassName":"CameraViewProxy","proxyAttrs":{"propertyAccessors":[],"fullAPIName":"CustomAndroidCamera.CameraView","name":"CameraView","proxyClassName":"pw.custom.androidcamera.CameraViewProxy","isTopLevel":false,"id":"pw.custom.androidcamera.CameraViewProxy","creatableInModule":"pw.custom.androidcamera.CustomAndroidCameraModule","parentModule":"org.appcelerator.kroll.annotations.Kroll.DEFAULT"},"packageName":"pw.custom.androidcamera","sourceName":"pw.custom.androidcamera.CameraViewProxyBindingGen","superProxyClassName":"TiViewProxy","isModule":false,"genClassName":"CameraViewProxyBindingGen"},"pw.custom.androidcamera.CustomAndroidCameraModule":{"superPackageName":"org.appcelerator.kroll","methods":{"example":{"runOnUiThread":false,"hasInvocation":false,"args":[],"apiName":"example","converter":"org.appcelerator.kroll.KrollConverter","defaultValueProvider":"org.appcelerator.kroll.KrollConverter","name":"__default_name__","returnType":"java.lang.String"}},"dynamicProperties":{"exampleProp":{"set":true,"nativeConverter":"org.appcelerator.kroll.KrollConverter","getMethodName":"getExampleProp","setMethodName":"setExampleProp","setMethodArgs":[{"converter":"org.appcelerator.kroll.KrollConverter","defaultValueProvider":"org.appcelerator.kroll.KrollConverter","name":"value","sourceName":"value","type":"java.lang.String"}],"setDefaultProviders":["org.appcelerator.kroll.KrollConverter"],"converter":"org.appcelerator.kroll.KrollConverter","defaultValueProvider":"org.appcelerator.kroll.KrollConverter","retain":true,"javascriptConverter":"org.appcelerator.kroll.KrollConverter","getHasInvocation":false,"runOnUiThread":false,"getMethodArgs":[],"getReturnType":"java.lang.String","setReturnType":"void","get":true,"name":"exampleProp","setHasInvocation":false,"getDefaultProviders":[]}},"superProxyClassName":"KrollModule","isModule":true,"genClassName":"CustomAndroidCameraModuleBindingGen","superProxyBindingClassName":"org.appcelerator.kroll.KrollModuleBindingGen","proxyClassName":"CustomAndroidCameraModule","proxyAttrs":{"propertyAccessors":[],"fullAPIName":"CustomAndroidCamera","name":"CustomAndroidCamera","proxyClassName":"pw.custom.androidcamera.CustomAndroidCameraModule","isTopLevel":false,"id":"pw.custom.androidcamera"},"packageName":"pw.custom.androidcamera","sourceName":"pw.custom.androidcamera.CustomAndroidCameraModuleBindingGen","constants":{"RESOLUTION_SCREEN":{"proxyName":"RESOLUTION_SCREEN","name":"RESOLUTION_SCREEN","type":"int","value":2},"RESOLUTION_HIGH":{"proxyName":"RESOLUTION_HIGH","name":"RESOLUTION_HIGH","type":"int","value":0},"RESOLUTION_480":{"proxyName":"RESOLUTION_480","name":"RESOLUTION_480","type":"int","value":3},"RESOLUTION_LOW":{"proxyName":"RESOLUTION_LOW","name":"RESOLUTION_LOW","type":"int","value":1},"RESOLUTION_1080":{"proxyName":"RESOLUTION_1080","name":"RESOLUTION_1080","type":"int","value":5},"RESOLUTION_720":{"proxyName":"RESOLUTION_720","name":"RESOLUTION_720","type":"int","value":4}},"onAppCreate":"onAppCreate"}},"modules":{"pw.custom.androidcamera.CustomAndroidCameraModule":{"apiName":"CustomAndroidCamera","createProxies":[{"propertyAccessors":[],"fullAPIName":"CustomAndroidCamera.CameraView","name":"CameraView","proxyClassName":"pw.custom.androidcamera.CameraViewProxy","isTopLevel":false,"id":"pw.custom.androidcamera.CameraViewProxy","creatableInModule":"pw.custom.androidcamera.CustomAndroidCameraModule","parentModule":"org.appcelerator.kroll.annotations.Kroll.DEFAULT"}]}}}